_id,batter,category,match_no,score,ballnumber,outcome,four_count,six_count,dot_count,SRF
65fb3b78a95ef4ed608eaf55,Abdul Basith,1-6,0,0,0,0,0,0,0,0
65fb3b78a95ef4ed608eaf56,Abdul Basith,7-14,0,0,0,0,0,0,0,0
65fb3b78a95ef4ed608eaf57,Abdul Basith,15-20,1,1,1,0,0,0,0,1
65fb3b78a95ef4ed608eaf58,Abdul Samad,1-6,1,4,3,1,1,0,2,0.16638655462184876
65fb3b78a95ef4ed608eaf59,Abdul Samad,7-14,5,50,48,1,2,2,19,0.6276184122748498
65fb3b78a95ef4ed608eaf5a,Abdul Samad,15-20,7,126,80,7,6,9,26,0.6939377051210602
65fb3b78a95ef4ed608eaf5b,Abhinav Manohar,1-6,2,3,4,0,0,0,1,0.7142857142857143
65fb3b78a95ef4ed608eaf5c,Abhinav Manohar,7-14,5,58,50,3,5,2,18,0.5713991910605333
65fb3b78a95ef4ed608eaf5d,Abhinav Manohar,15-20,3,57,32,3,1,5,6,0.7497383334689118
65fb3b78a95ef4ed608eaf5e,Abhishek Sharma,1-6,8,135,98,7,19,2,37,0.711413778594041
65fb3b78a95ef4ed608eaf5f,Abhishek Sharma,7-14,6,72,54,5,6,2,14,0.48355974494039367
65fb3b78a95ef4ed608eaf60,Abhishek Sharma,15-20,1,31,14,1,3,2,2,1.2216035336634987
65fb3b78a95ef4ed608eaf61,Abishek Porel,1-6,1,3,3,0,0,0,0,1
65fb3b78a95ef4ed608eaf62,Abishek Porel,7-14,2,22,16,2,0,2,5,0.4048734770384255
65fb3b78a95ef4ed608eaf63,Abishek Porel,15-20,2,9,12,3,1,0,6,0.1447089947089947
65fb3b78a95ef4ed608eaf64,Adam Zampa,1-6,0,0,0,0,0,0,0,0
65fb3b78a95ef4ed608eaf65,Adam Zampa,7-14,2,4,9,1,0,0,5,0.23225806451612904
65fb3b78a95ef4ed608eaf66,Adam Zampa,15-20,2,7,8,2,0,0,1,0.1895734597156398
65fb3b78a95ef4ed608eaf67,Adil Rashid,1-6,0,0,0,0,0,0,0,0
65fb3b78a95ef4ed608eaf68,Adil Rashid,7-14,1,20,14,1,1,1,5,0.5259130434782608
65fb3b78a95ef4ed608eaf69,Adil Rashid,15-20,1,4,3,1,1,0,2,0.16638655462184876
65fb3b78a95ef4ed608eaf6a,Aiden Markram,1-6,7,43,47,1,1,2,21,0.4984087337751226
65fb3b78a95ef4ed608eaf6b,Aiden Markram,7-14,10,168,128,8,12,5,30,0.6190982848926775
65fb3b78a95ef4ed608eaf6c,Aiden Markram,15-20,4,40,25,2,5,1,6,0.757328990228013
65fb3b78a95ef4ed608eaf6d,Ajinkya Rahane,1-6,7,148,76,1,14,7,13,3.2371934112941307
65fb3b78a95ef4ed608eaf6e,Ajinkya Rahane,7-14,11,152,105,10,8,6,22,0.48277688587117684
65fb3b78a95ef4ed608eaf6f,Ajinkya Rahane,15-20,1,36,12,0,3,3,1,4.172972972972973
65fb3b78a95ef4ed608eaf70,Akash Deep,1-6,0,0,0,0,0,0,0,0
65fb3b78a95ef4ed608eaf71,Akash Deep,7-14,1,5,2,0,1,0,0,0.8600000000000001
65fb3b78a95ef4ed608eaf72,Akash Deep,15-20,1,12,6,1,1,1,2,0.5027522935779817
65fb3b78a95ef4ed608eaf73,Akeal Hosein,1-6,0,0,0,0,0,0,0,0
65fb3b78a95ef4ed608eaf74,Akeal Hosein,7-14,0,0,0,0,0,0,0,0
65fb3b78a95ef4ed608eaf75,Akeal Hosein,15-20,1,17,11,0,1,1,3,1.202607480987118
65fb3b78a95ef4ed608eaf76,Alzarri Joseph,1-6,0,0,0,0,0,0,0,0
65fb3b78a95ef4ed608eaf77,Alzarri Joseph,7-14,1,3,3,0,0,0,0,1
65fb3b78a95ef4ed608eaf78,Alzarri Joseph,15-20,1,5,9,1,1,0,7,0.17813578826237056
65fb3b78a95ef4ed608eaf79,Aman Hakim Khan,1-6,1,4,5,0,1,0,4,0.275
65fb3b78a95ef4ed608eaf7a,Aman Hakim Khan,7-14,6,56,60,2,2,3,28,0.5023152709359605
65fb3b78a95ef4ed608eaf7b,Aman Hakim Khan,15-20,8,61,41,7,5,3,15,0.3790363674537107
65fb3b78a95ef4ed608eaf7c,Ambati Rayudu,1-6,0,0,0,0,0,0,0,0
65fb3b78a95ef4ed608eaf7d,Ambati Rayudu,7-14,10,74,59,6,3,5,21,0.4490768737624002
65fb3b78a95ef4ed608eaf7e,Ambati Rayudu,15-20,6,86,56,4,7,4,15,0.7827279610600325
65fb3b78a95ef4ed608eaf7f,Amit Mishra,1-6,0,0,0,0,0,0,0,0
65fb3b78a95ef4ed608eaf80,Amit Mishra,7-14,1,6,13,0,0,0,7,0.38632986627043087
65fb3b78a95ef4ed608eaf81,Amit Mishra,15-20,1,13,17,1,2,0,10,0.3350111160515785
65fb3b78a95ef4ed608eaf82,Andre Russell,1-6,0,0,0,0,0,0,0,0
65fb3b78a95ef4ed608eaf83,Andre Russell,7-14,9,95,75,5,5,6,31,0.6045150227717042
65fb3b78a95ef4ed608eaf84,Andre Russell,15-20,9,139,87,7,8,12,36,0.8423163655953964
65fb3b78a95ef4ed608eaf85,Anmolpreet Singh,1-6,4,99,76,2,14,2,32,1.130326956485556
65fb3b78a95ef4ed608eaf86,Anmolpreet Singh,7-14,2,7,7,2,1,0,3,0.18517618469015792
65fb3b78a95ef4ed608eaf87,Anmolpreet Singh,15-20,0,0,0,0,0,0,0,0
65fb3b78a95ef4ed608eaf88,Anrich Nortje,1-6,0,0,0,0,0,0,0,0
65fb3b78a95ef4ed608eaf89,Anrich Nortje,7-14,0,0,0,0,0,0,0,0
65fb3b78a95ef4ed608eaf8a,Anrich Nortje,15-20,7,38,29,3,6,0,9,0.4997977723524418
65fb3b78a95ef4ed608eaf8b,Anuj Rawat,1-6,1,6,4,1,1,0,1,0.29215686274509806
65fb3b78a95ef4ed608eaf8c,Anuj Rawat,7-14,4,13,23,2,0,0,14,0.12972363226170333
65fb3b78a95ef4ed608eaf8d,Anuj Rawat,15-20,4,76,45,1,5,4,8,1.763692225487577
65fb3b78a95ef4ed608eaf8e,Anukul Roy,1-6,1,4,5,1,1,0,4,0.15
65fb3b78a95ef4ed608eaf8f,Anukul Roy,7-14,1,0,1,1,0,0,1,0
65fb3b78a95ef4ed608eaf90,Anukul Roy,15-20,2,19,13,0,2,0,2,1.3061542745753274
65fb3b78a95ef4ed608eaf91,Arjun Tendulkar,1-6,0,0,0,0,0,0,0,0
65fb3b78a95ef4ed608eaf92,Arjun Tendulkar,7-14,0,0,0,0,0,0,0,0
65fb3b78a95ef4ed608eaf93,Arjun Tendulkar,15-20,1,13,9,1,0,1,2,0.43678718757583107
65fb3b78a95ef4ed608eaf94,Arshad Khan,1-6,0,0,0,0,0,0,0,0
65fb3b78a95ef4ed608eaf95,Arshad Khan,7-14,1,2,4,1,0,0,2,0.2631578947368421
65fb3b78a95ef4ed608eaf96,Arshad Khan,15-20,2,16,11,1,0,1,2,0.46671018276762405
65fb3b78a95ef4ed608eaf97,Arshdeep Singh,1-6,0,0,0,0,0,0,0,0
65fb3b78a95ef4ed608eaf98,Arshdeep Singh,7-14,0,0,0,0,0,0,0,0
65fb3b78a95ef4ed608eaf99,Arshdeep Singh,15-20,1,2,2,0,0,0,1,0.6060606060606061
65fb3b78a95ef4ed608eaf9a,Atharva Taide,1-6,7,134,83,6,14,6,28,0.8868747769807188
65fb3b78a95ef4ed608eaf9b,Atharva Taide,7-14,4,62,53,3,6,0,15,0.47969098657643133
65fb3b78a95ef4ed608eaf9c,Atharva Taide,15-20,0,0,0,0,0,0,0,0
65fb3b78a95ef4ed608eaf9d,Avesh Khan,1-6,0,0,0,0,0,0,0,0
65fb3b78a95ef4ed608eaf9e,Avesh Khan,7-14,0,0,0,0,0,0,0,0
65fb3b78a95ef4ed608eaf9f,Avesh Khan,15-20,1,1,1,0,0,0,0,1
65fb3b78a95ef4ed608eafa0,Axar Patel,1-6,1,6,11,0,1,0,8,0.33933747412008286
65fb3b78a95ef4ed608eafa1,Axar Patel,7-14,10,125,107,6,10,5,40,0.621456825856247
65fb3b78a95ef4ed608eafa2,Axar Patel,15-20,8,170,98,7,10,9,19,0.889335386928622
65fb3b78a95ef4ed608eafa3,Ayush Badoni,1-6,2,14,18,1,2,0,10,0.3458712715855573
65fb3b78a95ef4ed608eafa4,Ayush Badoni,7-14,7,88,72,4,4,4,24,0.5555763823805061
65fb3b78a95ef4ed608eafa5,Ayush Badoni,15-20,8,160,96,7,7,8,18,0.7348707197763802
65fb3b78a95ef4ed608eafa6,Ben Stokes,1-6,1,2,3,0,0,0,1,0.6741573033707865
65fb3b78a95ef4ed608eafa7,Ben Stokes,7-14,2,6,6,1,1,0,3,0.2514767932489452
65fb3b78a95ef4ed608eafa8,Ben Stokes,15-20,1,8,6,1,1,0,1,0.34974874371859305
65fb3b78a95ef4ed608eafa9,Bhanuka Rajapaksa,1-6,3,38,28,2,3,2,11,0.6174228675136116
65fb3b78a95ef4ed608eafaa,Bhanuka Rajapaksa,7-14,3,36,33,3,3,0,10,0.3006540447504303
65fb3b78a95ef4ed608eafab,Bhanuka Rajapaksa,15-20,1,2,3,1,0,0,1,0.28708133971291866
65fb3b78a95ef4ed608eafac,Bhuvneshwar Kumar,1-6,0,0,0,0,0,0,0,0
65fb3b78a95ef4ed608eafad,Bhuvneshwar Kumar,7-14,2,18,17,0,2,0,6,0.8324920220481579
65fb3b78a95ef4ed608eafae,Bhuvneshwar Kumar,15-20,5,31,32,4,3,0,13,0.22832389440232925
65fb3b78a95ef4ed608eafaf,Cameron Green,1-6,11,222,129,3,27,7,36,1.9831363645376852
65fb3b78a95ef4ed608eafb0,Cameron Green,7-14,8,158,112,6,7,10,34,0.8184845008560825
65fb3b78a95ef4ed608eafb1,Cameron Green,15-20,8,89,46,2,8,4,6,1.600346718728482
65fb3b78a95ef4ed608eafb2,Chetan Sakariya,1-6,0,0,0,0,0,0,0,0
65fb3b78a95ef4ed608eafb3,Chetan Sakariya,7-14,0,0,0,0,0,0,0,0
65fb3b78a95ef4ed608eafb4,Chetan Sakariya,15-20,2,4,6,1,1,0,5,0.144
65fb3b78a95ef4ed608eafb5,Chris Jordan,1-6,0,0,0,0,0,0,0,0
65fb3b78a95ef4ed608eafb6,Chris Jordan,7-14,1,0,1,0,0,0,1,0
65fb3b78a95ef4ed608eafb7,Chris Jordan,15-20,2,11,12,2,1,0,5,0.2102211302211302
65fb3b78a95ef4ed608eafb8,Darshan Nalkande,1-6,0,0,0,0,0,0,0,0
65fb3b78a95ef4ed608eafb9,Darshan Nalkande,7-14,0,0,0,0,0,0,0,0
65fb3b78a95ef4ed608eafba,Darshan Nalkande,15-20,1,0,1,1,0,0,1,0
65fb3b78a95ef4ed608eafbb,Dasun Shanaka,1-6,1,0,1,0,0,0,1,0
65fb3b78a95ef4ed608eafbc,Dasun Shanaka,7-14,2,17,16,1,1,1,8,0.44080100125156446
65fb3b78a95ef4ed608eafbd,Dasun Shanaka,15-20,2,9,9,1,1,0,3,0.3212922173274596
65fb3b78a95ef4ed608eafbe,David Miller,1-6,2,12,12,1,2,0,7,0.3568345323741007
65fb3b78a95ef4ed608eafbf,David Miller,7-14,7,105,70,2,5,6,15,1.3084529505582139
65fb3b78a95ef4ed608eafc0,David Miller,15-20,10,157,102,11,11,7,21,0.5582142575363731
65fb3b78a95ef4ed608eafc1,David Warner,1-6,14,342,238,5,54,7,107,1.5595007013630273
65fb3b78a95ef4ed608eafc2,David Warner,7-14,9,161,137,6,12,3,37,0.6115843501917001
65fb3b78a95ef4ed608eafc3,David Warner,15-20,4,35,31,5,3,0,9,0.20862939535901126
65fb3b78a95ef4ed608eafc4,David Wiese,1-6,0,0,0,0,0,0,0,0
65fb3b78a95ef4ed608eafc5,David Wiese,7-14,0,0,0,0,0,0,0,0
65fb3b78a95ef4ed608eafc6,David Wiese,15-20,3,22,11,2,0,3,4,0.5335365853658537
65fb3b78a95ef4ed608eafc7,David Willey,1-6,0,0,0,0,0,0,0,0
65fb3b78a95ef4ed608eafc8,David Willey,7-14,1,11,10,0,1,0,3,0.7407792207792208
65fb3b78a95ef4ed608eafc9,David Willey,15-20,3,25,22,1,3,0,8,0.5478087649402391
65fb3b78a95ef4ed608eafca,Deepak Chahar,1-6,0,0,0,0,0,0,0,0
65fb3b78a95ef4ed608eafcb,Deepak Chahar,7-14,0,0,0,0,0,0,0,0
65fb3b78a95ef4ed608eafcc,Deepak Chahar,15-20,1,1,2,0,0,0,1,0.6060606060606061
65fb3b78a95ef4ed608eafcd,Deepak Hooda,1-6,6,37,44,5,2,1,20,0.20350841407445178
65fb3b78a95ef4ed608eafce,Deepak Hooda,7-14,5,42,41,4,0,1,10,0.17285552132317172
65fb3b78a95ef4ed608eafcf,Deepak Hooda,15-20,2,13,8,2,2,0,2,0.3071379071379072
65fb3b78a95ef4ed608eafd0,Devdutt Padikkal,1-6,7,135,93,3,17,5,36,1.2898998392943906
65fb3b78a95ef4ed608eafd1,Devdutt Padikkal,7-14,9,86,85,9,5,1,26,0.21536239573201288
65fb3b78a95ef4ed608eafd2,Devdutt Padikkal,15-20,2,50,28,3,9,0,7,0.7493975903614458
65fb3b78a95ef4ed608eafd3,Devon Conway,1-6,15,357,267,12,44,8,100,0.92663734584743
65fb3b78a95ef4ed608eafd4,Devon Conway,7-14,10,279,183,8,25,9,40,1.1175545416125743
65fb3b78a95ef4ed608eafd5,Devon Conway,15-20,6,64,43,4,9,1,12,0.6574333543240973
65fb3b78a95ef4ed608eafd6,Dhruv Jurel,1-6,1,1,7,1,0,0,6,0.21021021021021022
65fb3b78a95ef4ed608eafd7,Dhruv Jurel,7-14,2,11,11,1,1,0,4,0.32706422018348624
65fb3b78a95ef4ed608eafd8,Dhruv Jurel,15-20,9,147,75,4,10,9,10,1.5009916192182204
65fb3b78a95ef4ed608eafd9,Dinesh Karthik,1-6,0,0,0,0,0,0,0,0
65fb3b78a95ef4ed608eafda,Dinesh Karthik,7-14,8,34,31,4,2,1,9,0.27332209827996684
65fb3b78a95ef4ed608eafdb,Dinesh Karthik,15-20,10,109,75,9,11,4,25,0.5040930016891333
65fb3b78a95ef4ed608eafdc,Faf du Plessis,1-6,14,396,242,8,40,19,72,1.6267656267362132
65fb3b78a95ef4ed608eafdd,Faf du Plessis,7-14,11,288,204,8,18,12,45,1.0170797546012271
65fb3b78a95ef4ed608eafde,Faf du Plessis,15-20,4,67,37,3,3,5,7,0.892458488270473
65fb3b78a95ef4ed608eafdf,Fazalhaq Farooqi,1-6,0,0,0,0,0,0,0,0
65fb3b78a95ef4ed608eafe0,Fazalhaq Farooqi,7-14,0,0,0,0,0,0,0,0
65fb3b78a95ef4ed608eafe1,Fazalhaq Farooqi,15-20,1,1,5,0,0,0,4,0.4166666666666667
65fb3b78a95ef4ed608eafe2,Glenn Maxwell,1-6,5,109,60,1,12,7,24,2.1563302752293576
65fb3b78a95ef4ed608eafe3,Glenn Maxwell,7-14,10,239,133,12,13,17,33,0.8588497653914936
65fb3b78a95ef4ed608eafe4,Glenn Maxwell,15-20,5,69,32,3,4,7,11,1.0895811302132117
65fb3b78a95ef4ed608eafe5,Glenn Phillips,1-6,0,0,0,0,0,0,0,0
65fb3b78a95ef4ed608eafe6,Glenn Phillips,7-14,2,8,7,2,0,1,4,0.2025462962962963
65fb3b78a95ef4ed608eafe7,Glenn Phillips,15-20,3,31,15,3,2,3,6,0.5399144966964633
65fb3b78a95ef4ed608eafe8,Hardik Pandya,1-6,8,76,69,4,10,1,33,0.5541025986693418
65fb3b78a95ef4ed608eafe9,Hardik Pandya,7-14,9,172,125,4,13,7,33,1.1280067800825262
65fb3b78a95ef4ed608eafea,Hardik Pandya,15-20,6,106,60,4,3,7,11,0.8742060957910015
65fb3b78a95ef4ed608eafeb,Harpreet Brar,1-6,0,0,0,0,0,0,0,0
65fb3b78a95ef4ed608eafec,Harpreet Brar,7-14,3,8,10,1,1,0,5,0.27294117647058824
65fb3b78a95ef4ed608eafed,Harpreet Brar,15-20,7,45,32,6,4,2,9,0.3429493568750297
65fb3b78a95ef4ed608eafee,Harpreet Singh,1-6,2,21,19,1,2,1,9,0.5500636479359884
65fb3b78a95ef4ed608eafef,Harpreet Singh,7-14,2,33,32,1,3,0,12,0.5055775142731664
65fb3b78a95ef4ed608eaff0,Harpreet Singh,15-20,1,26,8,1,2,2,2,1.000216684723727
65fb3b78a95ef4ed608eaff1,Harry Brook,1-6,7,108,95,6,14,2,48,0.5607448831648121
65fb3b78a95ef4ed608eaff2,Harry Brook,7-14,4,54,37,2,4,2,13,0.701442956930649
65fb3b78a95ef4ed608eaff3,Harry Brook,15-20,3,40,27,1,4,0,3,0.9098283931357255
65fb3b78a95ef4ed608eaff4,Harshal Patel,1-6,0,0,0,0,0,0,0,0
65fb3b78a95ef4ed608eaff5,Harshal Patel,7-14,2,7,6,3,0,1,4,0.1382488479262673
65fb3b78a95ef4ed608eaff6,Harshal Patel,15-20,0,0,0,0,0,0,0,0
65fb3b78a95ef4ed608eaff7,Harshit Rana,1-6,0,0,0,0,0,0,0,0
65fb3b78a95ef4ed608eaff8,Harshit Rana,7-14,0,0,0,0,0,0,0,0
65fb3b78a95ef4ed608eaff9,Harshit Rana,15-20,1,0,1,1,0,0,1,0
65fb3b78a95ef4ed608eaffa,Heinrich Klaasen,1-6,3,46,26,0,7,1,8,2.345132035209389
65fb3b78a95ef4ed608eaffb,Heinrich Klaasen,7-14,10,245,145,2,14,13,24,2.588901555901668
65fb3b78a95ef4ed608eaffc,Heinrich Klaasen,15-20,9,169,91,8,11,11,16,0.9506170600478451
65fb3b78a95ef4ed608eaffd,Hrithik Shokeen,1-6,0,0,0,0,0,0,0,0
65fb3b78a95ef4ed608eaffe,Hrithik Shokeen,7-14,0,0,0,0,0,0,0,0
65fb3b78a95ef4ed608eafff,Hrithik Shokeen,15-20,3,26,19,1,4,0,5,0.7536746532156368
65fb3b78a95ef4ed608eb000,Ishan Kishan,1-6,15,369,264,12,43,15,109,1.0456648144764322
65fb3b78a95ef4ed608eb001,Ishan Kishan,7-14,7,95,59,6,11,3,16,0.6768707947675809
65fb3b78a95ef4ed608eb002,Ishan Kishan,15-20,1,1,2,1,0,0,1,0.273972602739726
65fb3b78a95ef4ed608eb003,Ishant Sharma,1-6,0,0,0,0,0,0,0,0
65fb3b78a95ef4ed608eb004,Ishant Sharma,7-14,0,0,0,0,0,0,0,0
65fb3b78a95ef4ed608eb005,Ishant Sharma,15-20,1,1,1,0,0,0,0,1
65fb3b78a95ef4ed608eb006,Jason Behrendorff,1-6,0,0,0,0,0,0,0,0
65fb3b78a95ef4ed608eb007,Jason Behrendorff,7-14,0,0,0,0,0,0,0,0
65fb3b78a95ef4ed608eb008,Jason Behrendorff,15-20,2,6,9,0,0,0,3,0.5607476635514019
65fb3b78a95ef4ed608eb009,Jason Holder,1-6,0,0,0,0,0,0,0,0
65fb3b78a95ef4ed608eb00a,Jason Holder,7-14,1,12,10,1,0,1,3,0.4
65fb3b78a95ef4ed608eb00b,Jason Holder,15-20,2,1,2,1,0,0,1,0.273972602739726
65fb3b78a95ef4ed608eb00c,Jason Roy,1-6,7,197,136,4,29,6,60,1.3756403468292329
65fb3b78a95ef4ed608eb00d,Jason Roy,7-14,5,100,60,6,7,6,13,0.723956043956044
65fb3b78a95ef4ed608eb00e,Jason Roy,15-20,0,0,0,0,0,0,0,0
65fb3b78a95ef4ed608eb00f,Jaydev Unadkat,1-6,0,0,0,0,0,0,0,0
65fb3b78a95ef4ed608eb010,Jaydev Unadkat,7-14,0,0,0,0,0,0,0,0
65fb3b78a95ef4ed608eb011,Jaydev Unadkat,15-20,1,9,7,1,1,0,1,0.36914919257652445
65fb3b78a95ef4ed608eb012,Jitesh Sharma,1-6,5,16,21,2,3,0,14,0.28712446351931326
65fb3b78a95ef4ed608eb013,Jitesh Sharma,7-14,8,189,118,5,15,10,38,1.190520444627783
65fb3b78a95ef4ed608eb014,Jitesh Sharma,15-20,8,121,66,9,5,10,18,0.6207168917139956
65fb3b78a95ef4ed608eb015,Joe Root,1-6,1,10,15,1,1,0,8,0.2661971830985915
65fb3b78a95ef4ed608eb016,Joe Root,7-14,0,0,0,0,0,0,0,0
65fb3b78a95ef4ed608eb017,Joe Root,15-20,0,0,0,0,0,0,0,0
65fb3b78a95ef4ed608eb018,Jofra Archer,1-6,0,0,0,0,0,0,0,0
65fb3b78a95ef4ed608eb019,Jofra Archer,7-14,0,0,0,0,0,0,0,0
65fb3b78a95ef4ed608eb01a,Jofra Archer,15-20,2,4,4,0,0,0,1,0.7142857142857143
65fb3b78a95ef4ed608eb01b,Jos Buttler,1-6,14,232,168,10,27,7,70,0.7887242279643468
65fb3b78a95ef4ed608eb01c,Jos Buttler,7-14,6,151,101,6,10,6,23,0.7852803959238371
65fb3b78a95ef4ed608eb01d,Jos Buttler,15-20,3,52,29,4,7,1,6,0.5903052253103429
65fb3b78a95ef4ed608eb01e,Josh Hazlewood,1-6,0,0,0,0,0,0,0,0
65fb3b78a95ef4ed608eb01f,Josh Hazlewood,7-14,0,0,0,0,0,0,0,0
65fb3b78a95ef4ed608eb020,Josh Hazlewood,15-20,1,1,2,0,0,0,1,0.6060606060606061
65fb3b78a95ef4ed608eb021,KL Rahul,1-6,8,165,138,2,20,2,56,1.1330330387647205
65fb3b78a95ef4ed608eb022,KL Rahul,7-14,6,88,76,4,7,1,22,0.4951467011249621
65fb3b78a95ef4ed608eb023,KL Rahul,15-20,3,34,33,3,1,1,10,0.2687577199554521
65fb3b78a95ef4ed608eb024,KM Asif,1-6,0,0,0,0,0,0,0,0
65fb3b78a95ef4ed608eb025,KM Asif,7-14,1,0,2,1,0,0,2,0
65fb3b78a95ef4ed608eb026,KM Asif,15-20,0,0,0,0,0,0,0,0
65fb3b78a95ef4ed608eb027,Kagiso Rabada,1-6,0,0,0,0,0,0,0,0
65fb3b78a95ef4ed608eb028,Kagiso Rabada,7-14,0,0,0,0,0,0,0,0
65fb3b78a95ef4ed608eb029,Kagiso Rabada,15-20,2,0,2,1,0,0,2,0
65fb3b78a95ef4ed608eb02a,Karan Sharma,1-6,2,7,13,1,0,0,6,0.2292768959435626
65fb3b78a95ef4ed608eb02b,Karan Sharma,7-14,1,5,8,1,0,0,3,0.26143790849673204
65fb3b78a95ef4ed608eb02c,Karan Sharma,15-20,0,0,0,0,0,0,0,0
65fb3b78a95ef4ed608eb02d,Karn Sharma,1-6,0,0,0,0,0,0,0,0
65fb3b78a95ef4ed608eb02e,Karn Sharma,7-14,1,1,3,1,0,0,2,0.2521008403361345
65fb3b78a95ef4ed608eb02f,Karn Sharma,15-20,1,2,2,1,0,0,1,0.273972602739726
65fb3b78a95ef4ed608eb030,Kedar Jadhav,1-6,0,0,0,0,0,0,0,0
65fb3b78a95ef4ed608eb031,Kedar Jadhav,7-14,1,5,3,0,1,0,1,0.5797752808988764
65fb3b78a95ef4ed608eb032,Kedar Jadhav,15-20,1,7,7,0,0,0,2,0.6306306306306306
65fb3b78a95ef4ed608eb033,Krishnappa Gowtham,1-6,0,0,0,0,0,0,0,0
65fb3b78a95ef4ed608eb034,Krishnappa Gowtham,7-14,2,25,16,2,1,2,4,0.5162393162393163
65fb3b78a95ef4ed608eb035,Krishnappa Gowtham,15-20,5,45,28,2,1,3,6,0.6821910695742472
65fb3b78a95ef4ed608eb036,Krunal Pandya,1-6,8,38,43,3,5,0,25,0.33302908374064977
65fb3b78a95ef4ed608eb037,Krunal Pandya,7-14,8,145,114,9,8,5,39,0.4307862991099249
65fb3b78a95ef4ed608eb038,Krunal Pandya,15-20,5,24,15,4,2,1,2,0.2901060070671378
65fb3b78a95ef4ed608eb039,Kuldeep Yadav,1-6,0,0,0,0,0,0,0,0
65fb3b78a95ef4ed608eb03a,Kuldeep Yadav,7-14,0,0,0,0,0,0,0,0
65fb3b78a95ef4ed608eb03b,Kuldeep Yadav,15-20,10,37,50,3,2,0,25,0.187003003003003
65fb3b78a95ef4ed608eb03c,Kumar Kartikeya,1-6,0,0,0,0,0,0,0,0
65fb3b78a95ef4ed608eb03d,Kumar Kartikeya,7-14,0,0,0,0,0,0,0,0
65fb3b78a95ef4ed608eb03e,Kumar Kartikeya,15-20,1,7,7,2,1,0,3,0.18517618469015792
65fb3b78a95ef4ed608eb03f,Kyle Mayers,1-6,13,322,229,11,34,14,104,0.9411745390646519
65fb3b78a95ef4ed608eb040,Kyle Mayers,7-14,4,81,47,6,4,7,15,0.6374112456608756
65fb3b78a95ef4ed608eb041,Kyle Mayers,15-20,0,0,0,0,0,0,0,0
65fb3b78a95ef4ed608eb042,Lalit Yadav,1-6,1,4,6,0,0,0,3,0.5128205128205129
65fb3b78a95ef4ed608eb043,Lalit Yadav,7-14,3,39,25,2,5,0,3,0.6799245039819546
65fb3b78a95ef4ed608eb044,Lalit Yadav,15-20,4,28,31,5,3,0,14,0.1882749005338865
65fb3b78a95ef4ed608eb045,Liam Livingstone,1-6,6,33,34,4,4,0,18,0.2579969973909368
65fb3b78a95ef4ed608eb046,Liam Livingstone,7-14,5,147,98,3,11,7,24,1.353167733032242
65fb3b78a95ef4ed608eb047,Liam Livingstone,15-20,4,117,43,5,4,11,11,1.0800671193138984
65fb3b78a95ef4ed608eb048,Litton Das,1-6,1,4,4,1,1,0,3,0.15714285714285714
65fb3b78a95ef4ed608eb049,Litton Das,7-14,0,0,0,0,0,0,0,0
65fb3b78a95ef4ed608eb04a,Litton Das,15-20,0,0,0,0,0,0,0,0
65fb3b78a95ef4ed608eb04b,MS Dhoni,1-6,0,0,0,0,0,0,0,0
65fb3b78a95ef4ed608eb04c,MS Dhoni,7-14,1,0,1,1,0,0,1,0
65fb3b78a95ef4ed608eb04d,MS Dhoni,15-20,11,113,62,3,3,10,13,1.3475181814073587
65fb3b78a95ef4ed608eb04e,Mahipal Lomror,1-6,3,9,13,1,1,0,7,0.2649157120238428
65fb3b78a95ef4ed608eb04f,Mahipal Lomror,7-14,7,94,53,5,3,8,13,0.7837423504196146
65fb3b78a95ef4ed608eb050,Mahipal Lomror,15-20,5,48,35,5,7,0,9,0.3995089707271011
65fb3b78a95ef4ed608eb051,Manan Vohra,1-6,1,10,11,1,1,0,4,0.31788990825688074
65fb3b78a95ef4ed608eb052,Manan Vohra,7-14,0,0,0,0,0,0,0,0
65fb3b78a95ef4ed608eb053,Manan Vohra,15-20,0,0,0,0,0,0,0,0
65fb3b78a95ef4ed608eb054,Mandeep Singh,1-6,3,7,12,2,0,0,6,0.15625
65fb3b78a95ef4ed608eb055,Mandeep Singh,7-14,1,7,4,1,0,1,2,0.3007518796992481
65fb3b78a95ef4ed608eb056,Mandeep Singh,15-20,0,0,0,0,0,0,0,0
65fb3b78a95ef4ed608eb057,Manish Pandey,1-6,5,48,44,3,7,0,20,0.48176811594202906
65fb3b78a95ef4ed608eb058,Manish Pandey,7-14,7,110,92,6,8,3,31,0.4906585799986815
65fb3b78a95ef4ed608eb059,Manish Pandey,15-20,2,12,13,2,0,0,3,0.17603249830737983
65fb3b78a95ef4ed608eb05a,Marco Jansen,1-6,1,1,1,0,0,0,0,1
65fb3b78a95ef4ed608eb05b,Marco Jansen,7-14,3,7,10,1,0,0,4,0.25
65fb3b78a95ef4ed608eb05c,Marco Jansen,15-20,5,38,34,4,4,0,11,0.293337471257882
65fb3b78a95ef4ed608eb05d,Marcus Stoinis,1-6,7,68,53,3,8,2,24,0.6905870303054646
65fb3b78a95ef4ed608eb05e,Marcus Stoinis,7-14,12,238,169,7,15,13,52,1.0091950228826552
65fb3b78a95ef4ed608eb05f,Marcus Stoinis,15-20,7,127,59,5,7,12,17,1.2163920718802304
65fb3b78a95ef4ed608eb060,Mark Wood,1-6,0,0,0,0,0,0,0,0
65fb3b78a95ef4ed608eb061,Mark Wood,7-14,0,0,0,0,0,0,0,0
65fb3b78a95ef4ed608eb062,Mark Wood,15-20,2,11,5,1,1,1,2,0.4732186732186733
65fb3b78a95ef4ed608eb063,Matthew Short,1-6,6,118,89,7,15,4,40,0.661468867363337
65fb3b78a95ef4ed608eb064,Matthew Short,7-14,1,8,10,1,0,0,3,0.26666666666666666
65fb3b78a95ef4ed608eb065,Matthew Short,15-20,0,0,0,0,0,0,0,0
65fb3b78a95ef4ed608eb066,Mayank Agarwal,1-6,9,169,131,7,21,2,47,0.727034388382609
65fb3b78a95ef4ed608eb067,Mayank Agarwal,7-14,6,105,81,6,7,3,17,0.5191604603926878
65fb3b78a95ef4ed608eb068,Mayank Agarwal,15-20,1,10,6,1,0,1,1,0.4221105527638191
65fb3b78a95ef4ed608eb069,Mayank Markande,1-6,0,0,0,0,0,0,0,0
65fb3b78a95ef4ed608eb06a,Mayank Markande,7-14,0,0,0,0,0,0,0,0
65fb3b78a95ef4ed608eb06b,Mayank Markande,15-20,3,23,14,1,2,1,3,0.7399271124671583
65fb3b78a95ef4ed608eb06c,Michael Bracewell,1-6,1,4,6,0,0,0,2,0.6122448979591837
65fb3b78a95ef4ed608eb06d,Michael Bracewell,7-14,2,45,29,5,6,1,8,0.42428597751980834
65fb3b78a95ef4ed608eb06e,Michael Bracewell,15-20,2,14,14,0,0,0,2,0.6930693069306931
65fb3b78a95ef4ed608eb06f,Mitchell Marsh,1-6,9,86,61,7,8,5,28,0.5371107870363188
65fb3b78a95ef4ed608eb070,Mitchell Marsh,7-14,4,45,36,4,3,2,12,0.3994011976047905
65fb3b78a95ef4ed608eb071,Mitchell Marsh,15-20,0,0,0,0,0,0,0,0
65fb3b78a95ef4ed608eb072,Mitchell Santner,1-6,0,0,0,0,0,0,0,0
65fb3b78a95ef4ed608eb073,Mitchell Santner,7-14,0,0,0,0,0,0,0,0
65fb3b78a95ef4ed608eb074,Mitchell Santner,15-20,2,3,4,1,0,0,1,0.29411764705882354
65fb3b78a95ef4ed608eb075,Moeen Ali,1-6,2,26,20,1,4,1,11,0.7295857988165682
65fb3b78a95ef4ed608eb076,Moeen Ali,7-14,6,61,47,5,6,2,17,0.45787611085412133
65fb3b78a95ef4ed608eb077,Moeen Ali,15-20,5,44,25,2,2,3,6,0.7702102457802783
65fb3b78a95ef4ed608eb078,Mohammed Shami,1-6,0,0,0,0,0,0,0,0
65fb3b78a95ef4ed608eb079,Mohammed Shami,7-14,0,0,0,0,0,0,0,0
65fb3b78a95ef4ed608eb07a,Mohammed Shami,15-20,2,8,8,2,1,0,4,0.19016393442622953
65fb3b78a95ef4ed608eb07b,Mohammed Siraj,1-6,0,0,0,0,0,0,0,0
65fb3b78a95ef4ed608eb07c,Mohammed Siraj,7-14,0,0,0,0,0,0,0,0
65fb3b78a95ef4ed608eb07d,Mohammed Siraj,15-20,2,1,2,1,0,0,1,0.273972602739726
65fb3b78a95ef4ed608eb07e,Mohit Rathee,1-6,0,0,0,0,0,0,0,0
65fb3b78a95ef4ed608eb07f,Mohit Rathee,7-14,0,0,0,0,0,0,0,0
65fb3b78a95ef4ed608eb080,Mohit Rathee,15-20,1,1,2,0,0,0,1,0.6060606060606061
65fb3b78a95ef4ed608eb081,Mohit Sharma,1-6,0,0,0,0,0,0,0,0
65fb3b78a95ef4ed608eb082,Mohit Sharma,7-14,0,0,0,0,0,0,0,0
65fb3b78a95ef4ed608eb083,Mohit Sharma,15-20,1,1,1,0,0,0,0,1
65fb3b78a95ef4ed608eb084,Mohsin Khan,1-6,0,0,0,0,0,0,0,0
65fb3b78a95ef4ed608eb085,Mohsin Khan,7-14,0,0,0,0,0,0,0,0
65fb3b78a95ef4ed608eb086,Mohsin Khan,15-20,1,0,7,1,0,0,7,0
65fb3b78a95ef4ed608eb087,Mukesh Kumar,1-6,0,0,0,0,0,0,0,0
65fb3b78a95ef4ed608eb088,Mukesh Kumar,7-14,0,0,0,0,0,0,0,0
65fb3b78a95ef4ed608eb089,Mukesh Kumar,15-20,3,8,10,0,0,0,2,0.6666666666666666
65fb3b78a95ef4ed608eb08a,Mustafizur Rahman,1-6,0,0,0,0,0,0,0,0
65fb3b78a95ef4ed608eb08b,Mustafizur Rahman,7-14,0,0,0,0,0,0,0,0
65fb3b78a95ef4ed608eb08c,Mustafizur Rahman,15-20,1,1,1,0,0,0,0,1
65fb3b78a95ef4ed608eb08d,Narayan Jagadeesan,1-6,6,83,71,5,12,1,36,0.5482566052279763
65fb3b78a95ef4ed608eb08e,Narayan Jagadeesan,7-14,2,14,13,2,2,0,6,0.27486612541026084
65fb3b78a95ef4ed608eb08f,Narayan Jagadeesan,15-20,0,0,0,0,0,0,0,0
65fb3b78a95ef4ed608eb090,Nathan Ellis,1-6,0,0,0,0,0,0,0,0
65fb3b78a95ef4ed608eb091,Nathan Ellis,7-14,1,0,5,1,0,0,5,0
65fb3b78a95ef4ed608eb092,Nathan Ellis,15-20,1,1,2,1,0,0,1,0.273972602739726
65fb3b78a95ef4ed608eb093,Naveen-ul-Haq,1-6,0,0,0,0,0,0,0,0
65fb3b78a95ef4ed608eb094,Naveen-ul-Haq,7-14,2,1,5,1,0,0,4,0.22727272727272727
65fb3b78a95ef4ed608eb095,Naveen-ul-Haq,15-20,3,20,17,3,2,0,4,0.24504504504504504
65fb3b78a95ef4ed608eb096,Nehal Wadhera,1-6,4,33,27,2,4,1,12,0.5484662576687117
65fb3b78a95ef4ed608eb097,Nehal Wadhera,7-14,6,145,101,2,13,6,34,1.4346679141218688
65fb3b78a95ef4ed608eb098,Nehal Wadhera,15-20,7,78,43,6,7,5,13,0.6475347122446307
65fb3b78a95ef4ed608eb099,Nicholas Pooran,1-6,2,9,8,1,0,1,4,0.3252032520325203
65fb3b78a95ef4ed608eb09a,Nicholas Pooran,7-14,12,176,101,2,15,13,36,2.1490305763823807
65fb3b78a95ef4ed608eb09b,Nicholas Pooran,15-20,12,185,108,10,11,12,26,0.7809226138336333
65fb3b78a95ef4ed608eb09c,Nitish Rana,1-6,12,128,105,6,12,4,42,0.6272842639593909
65fb3b78a95ef4ed608eb09d,Nitish Rana,7-14,12,249,165,8,23,12,52,1.0958072638042518
65fb3b78a95ef4ed608eb09e,Nitish Rana,15-20,4,58,33,3,3,4,11,0.7079009660290448
65fb3b78a95ef4ed608eb09f,Noor Ahmad,1-6,0,0,0,0,0,0,0,0
65fb3b78a95ef4ed608eb0a0,Noor Ahmad,7-14,1,1,3,1,0,0,2,0.2521008403361345
65fb3b78a95ef4ed608eb0a1,Noor Ahmad,15-20,2,7,6,1,1,0,2,0.29960681520314547
65fb3b78a95ef4ed608eb0a2,Philip Salt,1-6,7,131,83,6,16,5,30,0.8869630678526833
65fb3b78a95ef4ed608eb0a3,Philip Salt,7-14,3,64,36,2,6,3,7,1.1696396797153026
65fb3b78a95ef4ed608eb0a4,Philip Salt,15-20,2,30,16,1,3,2,5,1.0289230769230768
65fb3b78a95ef4ed608eb0a5,Piyush Chawla,1-6,0,0,0,0,0,0,0,0
65fb3b78a95ef4ed608eb0a6,Piyush Chawla,7-14,1,8,5,0,1,0,1,0.8592592592592593
65fb3b78a95ef4ed608eb0a7,Piyush Chawla,15-20,4,19,17,4,0,1,5,0.16768128226862908
65fb3b78a95ef4ed608eb0a8,Prabhsimran Singh,1-6,14,246,175,14,31,9,80,0.7172810453121762
65fb3b78a95ef4ed608eb0a9,Prabhsimran Singh,7-14,4,93,54,4,2,9,16,0.9108296390120331
65fb3b78a95ef4ed608eb0aa,Prabhsimran Singh,15-20,1,34,16,1,5,1,4,1.1779984721161192
65fb3b78a95ef4ed608eb0ab,Praveen Dubey,1-6,0,0,0,0,0,0,0,0
65fb3b78a95ef4ed608eb0ac,Praveen Dubey,7-14,1,13,16,0,2,0,9,0.5852756685374711
65fb3b78a95ef4ed608eb0ad,Praveen Dubey,15-20,1,3,4,1,0,0,1,0.29411764705882354
65fb3b78a95ef4ed608eb0ae,Prerak Mankad,1-6,4,52,41,3,9,0,20,0.5957101967799642
65fb3b78a95ef4ed608eb0af,Prerak Mankad,7-14,1,34,23,0,3,1,4,1.9451845444059979
65fb3b78a95ef4ed608eb0b0,Prerak Mankad,15-20,1,14,10,0,1,1,4,0.9728571428571429
65fb3b78a95ef4ed608eb0b1,Prithvi Shaw,1-6,8,94,73,7,14,1,31,0.5270538495545991
65fb3b78a95ef4ed608eb0b2,Prithvi Shaw,7-14,1,20,17,1,2,0,5,0.4747636363636364
65fb3b78a95ef4ed608eb0b3,Prithvi Shaw,15-20,0,0,0,0,0,0,0,0
65fb3b78a95ef4ed608eb0b4,Priyam Garg,1-6,1,11,14,2,0,0,7,0.15267175572519084
65fb3b78a95ef4ed608eb0b5,Priyam Garg,7-14,1,11,7,0,1,0,0,1.2963636363636364
65fb3b78a95ef4ed608eb0b6,Priyam Garg,15-20,1,1,2,1,0,0,1,0.273972602739726
65fb3b78a95ef4ed608eb0b7,Quinton de Kock,1-6,4,87,58,3,7,5,20,0.9621555555555555
65fb3b78a95ef4ed608eb0b8,Quinton de Kock,7-14,3,51,41,2,3,2,10,0.668665035634507
65fb3b78a95ef4ed608eb0b9,Quinton de Kock,15-20,1,9,4,1,0,1,1,0.39215686274509803
65fb3b78a95ef4ed608eb0ba,Rahmanullah Gurbaz,1-6,10,173,125,10,15,9,60,0.631267731706947
65fb3b78a95ef4ed608eb0bb,Rahmanullah Gurbaz,7-14,3,79,52,2,4,5,15,1.068881425988117
65fb3b78a95ef4ed608eb0bc,Rahmanullah Gurbaz,15-20,1,0,1,1,0,0,1,0
65fb3b78a95ef4ed608eb0bd,Rahul Chahar,1-6,0,0,0,0,0,0,0,0
65fb3b78a95ef4ed608eb0be,Rahul Chahar,7-14,1,0,8,1,0,0,8,0
65fb3b78a95ef4ed608eb0bf,Rahul Chahar,15-20,1,1,2,1,0,0,1,0.273972602739726
65fb3b78a95ef4ed608eb0c0,Rahul Tewatia,1-6,0,0,0,0,0,0,0,0
65fb3b78a95ef4ed608eb0c1,Rahul Tewatia,7-14,2,18,19,2,1,0,5,0.23910527595429126
65fb3b78a95ef4ed608eb0c2,Rahul Tewatia,15-20,8,77,42,2,3,7,11,1.34242319857201
65fb3b78a95ef4ed608eb0c3,Rahul Tripathi,1-6,13,125,100,10,12,5,43,0.47690100430416066
65fb3b78a95ef4ed608eb0c4,Rahul Tripathi,7-14,5,132,97,2,14,4,33,1.3249432662546923
65fb3b78a95ef4ed608eb0c5,Rahul Tripathi,15-20,3,26,20,2,2,1,7,0.43461538461538474
65fb3b78a95ef4ed608eb0c6,Rashid Khan,1-6,0,0,0,0,0,0,0,0
65fb3b78a95ef4ed608eb0c7,Rashid Khan,7-14,2,29,14,0,1,3,5,1.8515020455873756
65fb3b78a95ef4ed608eb0c8,Rashid Khan,15-20,9,110,52,5,7,10,17,1.067960088691796
65fb3b78a95ef4ed608eb0c9,Ravi Bishnoi,1-6,0,0,0,0,0,0,0,0
65fb3b78a95ef4ed608eb0ca,Ravi Bishnoi,7-14,2,9,16,3,0,0,7,0.117820324005891
65fb3b78a95ef4ed608eb0cb,Ravi Bishnoi,15-20,5,13,12,1,1,0,6,0.3073426573426573
65fb3b78a95ef4ed608eb0cc,Ravichandran Ashwin,1-6,2,1,5,1,0,0,4,0.22727272727272727
65fb3b78a95ef4ed608eb0cd,Ravichandran Ashwin,7-14,2,34,30,2,1,2,12,0.4429738562091503
65fb3b78a95ef4ed608eb0ce,Ravichandran Ashwin,15-20,6,40,20,2,5,1,2,0.8611111111111113
65fb3b78a95ef4ed608eb0cf,Ravindra Jadeja,1-6,0,0,0,0,0,0,0,0
65fb3b78a95ef4ed608eb0d0,Ravindra Jadeja,7-14,5,26,22,0,1,1,5,1.1507692307692308
65fb3b78a95ef4ed608eb0d1,Ravindra Jadeja,15-20,11,175,116,13,10,8,24,0.4900572451949215
65fb3b78a95ef4ed608eb0d2,Rilee Rossouw,1-6,4,39,34,3,5,1,16,0.46940802542709575
65fb3b78a95ef4ed608eb0d3,Rilee Rossouw,7-14,6,130,91,4,9,7,33,0.9320434565626319
65fb3b78a95ef4ed608eb0d4,Rilee Rossouw,15-20,2,48,23,0,3,3,2,3.860971786833856
65fb3b78a95ef4ed608eb0d5,Riley Meredith,1-6,0,0,0,0,0,0,0,0
65fb3b78a95ef4ed608eb0d6,Riley Meredith,7-14,0,0,0,0,0,0,0,0
65fb3b78a95ef4ed608eb0d7,Riley Meredith,15-20,1,0,2,0,0,0,2,0
65fb3b78a95ef4ed608eb0d8,Rinku Singh,1-6,3,23,19,0,2,1,7,1.121105171027109
65fb3b78a95ef4ed608eb0d9,Rinku Singh,7-14,12,180,154,4,10,6,44,0.8295363709032774
65fb3b78a95ef4ed608eb0da,Rinku Singh,15-20,12,294,160,7,19,20,46,1.4816150234741785
65fb3b78a95ef4ed608eb0db,Ripal Patel,1-6,0,0,0,0,0,0,0,0
65fb3b78a95ef4ed608eb0dc,Ripal Patel,7-14,2,6,9,1,0,0,3,0.2643171806167401
65fb3b78a95ef4ed608eb0dd,Ripal Patel,15-20,4,45,35,3,3,1,6,0.4435398230088496
65fb3b78a95ef4ed608eb0de,Rishi Dhawan,1-6,0,0,0,0,0,0,0,0
65fb3b78a95ef4ed608eb0df,Rishi Dhawan,7-14,1,5,2,0,1,0,0,0.8600000000000001
65fb3b78a95ef4ed608eb0e0,Rishi Dhawan,15-20,2,15,10,1,0,1,3,0.4266666666666667
65fb3b78a95ef4ed608eb0e1,Riyan Parag,1-6,0,0,0,0,0,0,0,0
65fb3b78a95ef4ed608eb0e2,Riyan Parag,7-14,6,46,42,4,2,2,15,0.3347264214046823
65fb3b78a95ef4ed608eb0e3,Riyan Parag,15-20,3,37,26,3,2,3,10,0.5196957996957997
65fb3b78a95ef4ed608eb0e4,Rohit Sharma,1-6,16,251,193,12,25,14,90,0.7895775451481754
65fb3b78a95ef4ed608eb0e5,Rohit Sharma,7-14,4,96,60,3,11,2,16,1.0010344827586208
65fb3b78a95ef4ed608eb0e6,Rohit Sharma,15-20,1,4,5,1,1,0,4,0.15
65fb3b78a95ef4ed608eb0e7,Romario Shepherd,1-6,0,0,0,0,0,0,0,0
65fb3b78a95ef4ed608eb0e8,Romario Shepherd,7-14,1,0,1,1,0,0,1,0
65fb3b78a95ef4ed608eb0e9,Romario Shepherd,15-20,0,0,0,0,0,0,0,0
65fb3b78a95ef4ed608eb0ea,Rovman Powell,1-6,0,0,0,0,0,0,0,0
65fb3b78a95ef4ed608eb0eb,Rovman Powell,7-14,3,7,8,2,1,0,5,0.1707563025210084
65fb3b78a95ef4ed608eb0ec,Rovman Powell,15-20,1,0,1,1,0,0,1,0
65fb3b78a95ef4ed608eb0ed,Ruturaj Gaikwad,1-6,15,423,284,9,39,17,93,1.296074421408132
65fb3b78a95ef4ed608eb0ee,Ruturaj Gaikwad,7-14,9,172,114,7,7,12,32,0.8485064346638818
65fb3b78a95ef4ed608eb0ef,Ruturaj Gaikwad,15-20,2,17,13,1,0,1,3,0.44747679636117765
65fb3b78a95ef4ed608eb0f0,Sai Sudharsan,1-6,7,108,88,0,12,1,32,1.5283185840707967
65fb3b78a95ef4ed608eb0f1,Sai Sudharsan,7-14,7,184,135,5,11,6,34,0.8454832832734257
65fb3b78a95ef4ed608eb0f2,Sai Sudharsan,15-20,4,88,41,3,10,4,6,1.3512634682686213
65fb3b78a95ef4ed608eb0f3,Sam Curran,1-6,4,26,20,0,2,1,5,1.390769230769231
65fb3b78a95ef4ed608eb0f4,Sam Curran,7-14,11,112,114,4,7,2,44,0.45432710397591874
65fb3b78a95ef4ed608eb0f5,Sam Curran,15-20,9,153,79,8,10,10,18,0.8503881173041322
65fb3b78a95ef4ed608eb0f6,Sandeep Sharma,1-6,0,0,0,0,0,0,0,0
65fb3b78a95ef4ed608eb0f7,Sandeep Sharma,7-14,1,0,1,0,0,0,1,0
65fb3b78a95ef4ed608eb0f8,Sandeep Sharma,15-20,1,3,6,0,0,0,3,0.5128205128205129
65fb3b78a95ef4ed608eb0f9,Sanju Samson,1-6,7,99,69,3,12,4,30,1.021612849809571
65fb3b78a95ef4ed608eb0fa,Sanju Samson,7-14,12,229,148,8,9,17,43,0.9830180518767748
65fb3b78a95ef4ed608eb0fb,Sanju Samson,15-20,3,45,23,2,4,3,6,0.9551321257743276
65fb3b78a95ef4ed608eb0fc,Sanvir Singh,1-6,1,7,6,1,0,1,4,0.26785714285714285
65fb3b78a95ef4ed608eb0fd,Sanvir Singh,7-14,0,0,0,0,0,0,0,0
65fb3b78a95ef4ed608eb0fe,Sanvir Singh,15-20,1,5,3,1,1,0,1,0.24688995215311008
65fb3b78a95ef4ed608eb0ff,Sarfaraz Khan,1-6,3,21,22,1,2,1,12,0.4963718820861678
65fb3b78a95ef4ed608eb100,Sarfaraz Khan,7-14,3,23,28,1,1,0,10,0.30595907928388744
65fb3b78a95ef4ed608eb101,Sarfaraz Khan,15-20,2,14,12,2,2,0,5,0.28355212355212356
65fb3b78a95ef4ed608eb102,Shahbaz Ahmed,1-6,2,4,9,2,0,0,5,0.15859030837004406
65fb3b78a95ef4ed608eb103,Shahbaz Ahmed,7-14,2,17,13,2,1,1,4,0.35068933823529413
65fb3b78a95ef4ed608eb104,Shahbaz Ahmed,15-20,3,30,19,2,3,0,1,0.49590288315629744
65fb3b78a95ef4ed608eb105,Shahrukh Khan,1-6,0,0,0,0,0,0,0,0
65fb3b78a95ef4ed608eb106,Shahrukh Khan,7-14,3,13,14,2,1,1,9,0.27038579398129964
65fb3b78a95ef4ed608eb107,Shahrukh Khan,15-20,10,152,86,6,12,8,19,1.013533181771446
65fb3b78a95ef4ed608eb108,Shardul Thakur,1-6,1,0,4,1,0,0,4,0
65fb3b78a95ef4ed608eb109,Shardul Thakur,7-14,3,61,27,1,5,4,3,2.128180864939516
65fb3b78a95ef4ed608eb10a,Shardul Thakur,15-20,7,55,41,7,8,0,13,0.33000276085239716
65fb3b78a95ef4ed608eb10b,Shikhar Dhawan,1-6,11,185,138,9,27,3,58,0.7517318999151705
65fb3b78a95ef4ed608eb10c,Shikhar Dhawan,7-14,5,132,91,3,16,2,27,1.1443184936381392
65fb3b78a95ef4ed608eb10d,Shikhar Dhawan,15-20,2,83,46,1,6,7,17,1.8860877221703563
65fb3b78a95ef4ed608eb10e,Shimron Hetmyer,1-6,1,9,7,0,0,1,3,0.7097591888466412
65fb3b78a95ef4ed608eb10f,Shimron Hetmyer,7-14,10,102,84,4,3,7,31,0.6741248401534528
65fb3b78a95ef4ed608eb110,Shimron Hetmyer,15-20,11,201,114,9,9,15,28,0.9090456874561643
65fb3b78a95ef4ed608eb111,Shivam Dube,1-6,1,1,1,0,0,0,0,1
65fb3b78a95ef4ed608eb112,Shivam Dube,7-14,14,300,196,7,9,24,56,1.280940892641737
65fb3b78a95ef4ed608eb113,Shivam Dube,15-20,7,137,80,5,4,11,18,1.0083633647407253
65fb3b78a95ef4ed608eb114,Shubman Gill,1-6,17,426,285,8,58,6,96,1.4069103621174255
65fb3b78a95ef4ed608eb115,Shubman Gill,7-14,12,384,235,7,20,21,42,1.61385483737824
65fb3b78a95ef4ed608eb116,Shubman Gill,15-20,6,113,62,4,7,6,6,1.1057195155731079
65fb3b78a95ef4ed608eb117,Sikandar Raza,1-6,2,14,12,0,1,0,4,0.7108374384236453
65fb3b78a95ef4ed608eb118,Sikandar Raza,7-14,4,81,54,3,6,4,19,0.8201851515701578
65fb3b78a95ef4ed608eb119,Sikandar Raza,15-20,5,51,38,3,3,2,12,0.4946814291536477
65fb3b78a95ef4ed608eb11a,Sunil Narine,1-6,2,0,4,2,0,0,4,0
65fb3b78a95ef4ed608eb11b,Sunil Narine,7-14,2,5,7,1,1,0,5,0.19264
65fb3b78a95ef4ed608eb11c,Sunil Narine,15-20,7,20,17,5,1,1,5,0.17934065934065935
65fb3b78a95ef4ed608eb11d,Suryakumar Yadav,1-6,9,75,60,0,7,1,18,1.541666666666667
65fb3b78a95ef4ed608eb11e,Suryakumar Yadav,7-14,15,432,229,10,45,20,56,1.6868385561415054
65fb3b78a95ef4ed608eb11f,Suryakumar Yadav,15-20,8,111,51,7,12,6,15,0.8072929929090867
65fb3b78a95ef4ed608eb120,Suyash Prabhudessai,1-6,0,0,0,0,0,0,0,0
65fb3b78a95ef4ed608eb121,Suyash Prabhudessai,7-14,2,17,16,2,1,0,6,0.22704476212795877
65fb3b78a95ef4ed608eb122,Suyash Prabhudessai,15-20,2,22,16,2,0,2,6,0.39116262223831944
65fb3b78a95ef4ed608eb123,Swapnil Singh,1-6,0,0,0,0,0,0,0,0
65fb3b78a95ef4ed608eb124,Swapnil Singh,7-14,0,0,0,0,0,0,0,0
65fb3b78a95ef4ed608eb125,Swapnil Singh,15-20,1,2,4,0,0,0,2,0.5555555555555556
65fb3b78a95ef4ed608eb126,Tilak Varma,1-6,2,56,20,1,6,4,3,2.2507936507936512
65fb3b78a95ef4ed608eb127,Tilak Varma,7-14,8,166,133,3,10,9,47,1.1131922569299986
65fb3b78a95ef4ed608eb128,Tilak Varma,15-20,7,142,73,6,10,10,20,1.0382083748280933
65fb3b78a95ef4ed608eb129,Tim David,1-6,0,0,0,0,0,0,0,0
65fb3b78a95ef4ed608eb12a,Tim David,7-14,7,46,44,1,1,2,13,0.63143696782458
65fb3b78a95ef4ed608eb12b,Tim David,15-20,14,199,111,7,11,13,25,1.088099583973279
65fb3b78a95ef4ed608eb12c,Trent Boult,1-6,0,0,0,0,0,0,0,0
65fb3b78a95ef4ed608eb12d,Trent Boult,7-14,1,8,6,0,1,0,1,0.8810126582278482
65fb3b78a95ef4ed608eb12e,Trent Boult,15-20,4,12,11,1,0,1,5,0.3567567567567567
65fb3b78a95ef4ed608eb12f,Tristan Stubbs,1-6,0,0,0,0,0,0,0,0
65fb3b78a95ef4ed608eb130,Tristan Stubbs,7-14,2,9,16,0,0,0,8,0.37037037037037035
65fb3b78a95ef4ed608eb131,Tristan Stubbs,15-20,2,16,15,2,2,0,6,0.28888888888888886
65fb3b78a95ef4ed608eb132,Tushar Deshpande,1-6,0,0,0,0,0,0,0,0
65fb3b78a95ef4ed608eb133,Tushar Deshpande,7-14,0,0,0,0,0,0,0,0
65fb3b78a95ef4ed608eb134,Tushar Deshpande,15-20,1,1,1,0,0,0,0,1
65fb3b78a95ef4ed608eb135,Umesh Yadav,1-6,0,0,0,0,0,0,0,0
65fb3b78a95ef4ed608eb136,Umesh Yadav,7-14,1,1,1,0,0,0,0,1
65fb3b78a95ef4ed608eb137,Umesh Yadav,15-20,5,20,19,2,1,0,6,0.2348856900931414
65fb3b78a95ef4ed608eb138,Umran Malik,1-6,0,0,0,0,0,0,0,0
65fb3b78a95ef4ed608eb139,Umran Malik,7-14,0,0,0,0,0,0,0,0
65fb3b78a95ef4ed608eb13a,Umran Malik,15-20,1,20,8,0,1,1,3,1.1835616438356165
65fb3b78a95ef4ed608eb13b,Vaibhav Arora,1-6,0,0,0,0,0,0,0,0
65fb3b78a95ef4ed608eb13c,Vaibhav Arora,7-14,0,0,0,0,0,0,0,0
65fb3b78a95ef4ed608eb13d,Vaibhav Arora,15-20,2,3,2,0,0,0,0,1
65fb3b78a95ef4ed608eb13e,Varun Chakravarthy,1-6,0,0,0,0,0,0,0,0
65fb3b78a95ef4ed608eb13f,Varun Chakravarthy,7-14,0,0,0,0,0,0,0,0
65fb3b78a95ef4ed608eb140,Varun Chakravarthy,15-20,2,3,11,0,0,0,8,0.3416149068322981
65fb3b78a95ef4ed608eb141,Venkatesh Iyer,1-6,12,178,129,8,19,8,54,0.8167911636017724
65fb3b78a95ef4ed608eb142,Venkatesh Iyer,7-14,8,213,137,3,10,11,25,1.655831478046491
65fb3b78a95ef4ed608eb143,Venkatesh Iyer,15-20,5,29,22,6,3,1,7,0.23380204867512464
65fb3b78a95ef4ed608eb144,Vijay Shankar,1-6,5,66,45,2,10,1,17,0.9968783844046634
65fb3b78a95ef4ed608eb145,Vijay Shankar,7-14,8,128,104,7,12,2,29,0.5324434211815421
65fb3b78a95ef4ed608eb146,Vijay Shankar,15-20,4,131,50,3,6,12,6,2.0233386000647235
65fb3b78a95ef4ed608eb147,Vijaykumar Vyshak,1-6,0,0,0,0,0,0,0,0
65fb3b78a95ef4ed608eb148,Vijaykumar Vyshak,7-14,0,0,0,0,0,0,0,0
65fb3b78a95ef4ed608eb149,Vijaykumar Vyshak,15-20,2,15,10,1,0,1,2,0.4571428571428572
65fb3b78a95ef4ed608eb14a,Virat Kohli,1-6,14,346,263,5,43,4,87,1.3458757734988207
65fb3b78a95ef4ed608eb14b,Virat Kohli,7-14,9,239,168,5,16,8,32,1.193921964907384
65fb3b78a95ef4ed608eb14c,Virat Kohli,15-20,5,76,42,3,6,4,8,0.9926040982137524
65fb3b78a95ef4ed608eb14d,Vishnu Vinod,1-6,0,0,0,0,0,0,0,0
65fb3b78a95ef4ed608eb14e,Vishnu Vinod,7-14,2,35,26,1,2,2,8,0.8315943442223305
65fb3b78a95ef4ed608eb14f,Vishnu Vinod,15-20,2,5,6,3,0,0,2,0.13100436681222707
65fb3b78a95ef4ed608eb150,Vivrant Sharma,1-6,1,33,27,2,5,0,10,0.5376623376623377
65fb3b78a95ef4ed608eb151,Vivrant Sharma,7-14,1,42,23,1,4,2,4,1.3178187403993857
65fb3b78a95ef4ed608eb152,Vivrant Sharma,15-20,0,0,0,0,0,0,0,0
65fb3b78a95ef4ed608eb153,Wanindu Hasaranga,1-6,0,0,0,0,0,0,0,0
65fb3b78a95ef4ed608eb154,Wanindu Hasaranga,7-14,0,0,0,0,0,0,0,0
65fb3b78a95ef4ed608eb155,Wanindu Hasaranga,15-20,5,35,30,3,3,0,8,0.31147356580427443
65fb3b78a95ef4ed608eb156,Washington Sundar,1-6,0,0,0,0,0,0,0,0
65fb3b78a95ef4ed608eb157,Washington Sundar,7-14,3,15,27,1,0,0,12,0.1906779661016949
65fb3b78a95ef4ed608eb158,Washington Sundar,15-20,4,51,35,2,6,0,8,0.6983529411764705
65fb3b78a95ef4ed608eb159,Wayne Parnell,1-6,0,0,0,0,0,0,0,0
65fb3b78a95ef4ed608eb15a,Wayne Parnell,7-14,0,0,0,0,0,0,0,0
65fb3b78a95ef4ed608eb15b,Wayne Parnell,15-20,1,3,6,1,0,0,3,0.2531645569620253
65fb3b78a95ef4ed608eb15c,Wriddhiman Saha,1-6,17,317,237,18,40,8,97,0.6686745231022888
65fb3b78a95ef4ed608eb15d,Wriddhiman Saha,7-14,4,77,60,3,8,0,12,0.6516017316017316
65fb3b78a95ef4ed608eb15e,Wriddhiman Saha,15-20,0,0,0,0,0,0,0,0
65fb3b78a95ef4ed608eb15f,Yash Dhull,1-6,2,9,13,1,1,0,7,0.2649157120238428
65fb3b78a95ef4ed608eb160,Yash Dhull,7-14,2,7,10,2,0,0,3,0.17391304347826086
65fb3b78a95ef4ed608eb161,Yash Dhull,15-20,0,0,0,0,0,0,0,0
65fb3b78a95ef4ed608eb162,Yashasvi Jaiswal,1-6,14,419,248,8,60,15,104,1.6600085243620488
65fb3b78a95ef4ed608eb163,Yashasvi Jaiswal,7-14,8,186,130,9,18,6,34,0.7511576031045969
65fb3b78a95ef4ed608eb164,Yashasvi Jaiswal,15-20,1,48,19,1,5,4,6,1.7513524760715768
65fb3b78a95ef4ed608eb165,Yudhvir Singh,1-6,0,0,0,0,0,0,0,0
65fb3b78a95ef4ed608eb166,Yudhvir Singh,7-14,0,0,0,0,0,0,0,0
65fb3b78a95ef4ed608eb167,Yudhvir Singh,15-20,2,1,2,2,0,0,1,0.17699115044247787
